{
  "0": "https://i.goopics.net/OAV5N.jpg",
  "1": "https://i.goopics.net/0Ag28.jpg",
  "2": "https://i.goopics.net/xQaNE.jpg",
  "3": "https://i.goopics.net/ZgP2b.jpg",
  "4": "https://i.goopics.net/ym3lO.jpg",
  "5": "https://i.goopics.net/YeNoR.jpg",
  "6": "https://i.goopics.net/JJQVR.jpg",
  "7": "https://i.goopics.net/p5m3k.jpg",
  "8": "https://i.goopics.net/RknoZ.jpg",
  "9": "https://i.goopics.net/0Ag28.jpg",
  "10": "https://i.goopics.net/7nOkQ.jpg",
  "11": "https://i.goopics.net/A2753.jpg",
  "12": "https://i.goopics.net/LRE3j.jpg",
  "13": "https://i.goopics.net/5aogb.jpg",
  "14": "https://i.goopics.net/rmQ9D.jpg",
  "15": "https://i.goopics.net/1LNxE.jpg",
  "16": "https://i.goopics.net/jpA4g.jpg",
  "17": "https://i.goopics.net/m7rkG.jpg",
  "18": "https://i.goopics.net/Kplar.jpg",
  "19": "https://i.goopics.net/Q53eb.jpg",
  "20": "https://i.goopics.net/lv5R2.jpg",
  "21": "https://i.goopics.net/E0raX.jpg",
  "22": "https://i.goopics.net/b8ZY8.jpg",
  "23": "https://i.goopics.net/W9w2q.jpg",
  "24": "https://i.goopics.net/DO5Vl.jpg",
  "25": "https://i.goopics.net/qmKnk.jpg",
  "26": "https://i.goopics.net/gyRxo.jpg",
  "27": "https://i.goopics.net/kRLWy.jpg",
  "28": "https://i.goopics.net/VnX0V.jpg",
  "29": "https://i.goopics.net/aoxgZ.jpg",
  "30": "https://i.goopics.net/3k4Nj.jpeg",
  "31": "https://i.goopics.net/nA1V1.jpg",
  "32": "https://i.goopics.net/GZjna.jpg",
  "33": "https://i.goopics.net/exJm5.jpg",
  "34": "https://i.goopics.net/XGdQp.jpg",
  "35": "https://i.goopics.net/wlVQY.jpg",
  "36": "https://i.goopics.net/d0YXL.jpg",
  "37": "https://i.goopics.net/NgkKP.jpg",
  "38": "https://i.goopics.net/PLamd.jpg",
  "39": "https://i.goopics.net/4V2pP.jpg",

  "40": "https://i.goopics.net/0Ag28.jpg",
  "41": "https://i.goopics.net/0Ag28.jpg",
  "42": "https://i.goopics.net/0Ag28.jpg",
  "43": "https://i.goopics.net/0Ag28.jpg",
  "44": "https://i.goopics.net/0Ag28.jpg",
  "45": "https://i.goopics.net/0Ag28.jpg",
  "46": "https://i.goopics.net/0Ag28.jpg",
  "47": "https://i.goopics.net/0Ag28.jpg",
  "48": "https://i.goopics.net/0Ag28.jpg",
  "49": "https://i.goopics.net/0Ag28.jpg"
}